{
  "FrontEnd/tailwind.config.js": 1772463793.1040487,
  "FrontEnd/eslint.config.js": 1772463793.101048,
  "FrontEnd/vite.config.ts": 1775838486.9704363,
  "FrontEnd/src/vite-env.d.ts": 1775838473.0545275,
  "FrontEnd/src/main.tsx": 1772463793.1029708,
  "FrontEnd/src/App.tsx": 1775838500.4523482,
  "FrontEnd/src/lib/queryKeys.ts": 1775323882.8697436,
  "FrontEnd/src/lib/queryClient.ts": 1775323882.8697436,
  "FrontEnd/src/lib/utils.ts": 1772463793.1029708,
  "FrontEnd/src/api/expense.api.ts": 1775323882.8647437,
  "FrontEnd/src/api/user.api.ts": 1772463793.101485,
  "FrontEnd/src/api/task.api.ts": 1775323882.8657436,
  "FrontEnd/src/api/goal.api.ts": 1775323882.8657436,
  "FrontEnd/src/api/household.api.ts": 1775834901.2987232,
  "FrontEnd/src/api/joint-account.api.ts": 1775323882.8657436,
  "FrontEnd/src/api/recurring-expense.api.ts": 1772464633.3922045,
  "FrontEnd/src/api/recurring-task.api.ts": 1775323882.8657436,
  "FrontEnd/src/api/auth.api.ts": 1772463793.1013896,
  "FrontEnd/src/pages/VerifyEmailPage.tsx": 1775323882.8707435,
  "FrontEnd/src/pages/ProfilePage.tsx": 1775323882.8707435,
  "FrontEnd/src/pages/RegisterPage.tsx": 1772463793.1032052,
  "FrontEnd/src/pages/LoginPage.tsx": 1775323882.8707435,
  "FrontEnd/src/pages/HomePage.tsx": 1772463793.1032052,
  "FrontEnd/src/pages/DashboardPage.tsx": 1775323882.8697436,
  "FrontEnd/src/pages/GetStartedPage.tsx": 1772463793.1032052,
  "FrontEnd/src/pages/dashboard/GoalsPage.tsx": 1775323882.8724253,
  "FrontEnd/src/pages/dashboard/TasksPage.tsx": 1775836767.9760067,
  "FrontEnd/src/pages/dashboard/InvitePage.tsx": 1775834901.2997231,
  "FrontEnd/src/pages/dashboard/OverviewPage.tsx": 1775836347.1089566,
  "FrontEnd/src/pages/dashboard/AccountPage.tsx": 1775323882.8707435,
  "FrontEnd/src/pages/dashboard/ExpensesPage.tsx": 1775323882.8724253,
  "FrontEnd/src/utils/extractApiError.ts": 1775323882.8724253,
  "FrontEnd/src/utils/dashboardHelpers.ts": 1775323882.8724253,
  "FrontEnd/src/utils/utils.ts": 1772463793.1040487,
  "FrontEnd/src/utils/axios.ts": 1775323882.8724253,
  "FrontEnd/src/types/pagination.types.ts": 1775323882.8724253,
  "FrontEnd/src/types/goal.types.ts": 1775323882.8724253,
  "FrontEnd/src/types/auth.types.ts": 1775323882.8724253,
  "FrontEnd/src/types/recurring-task.types.ts": 1775323882.8724253,
  "FrontEnd/src/types/expense.types.ts": 1772464633.3942046,
  "FrontEnd/src/types/onboarding.types.ts": 1772472585.202431,
  "FrontEnd/src/types/task.types.ts": 1775323882.8724253,
  "FrontEnd/src/types/household.types.ts": 1775323882.8724253,
  "FrontEnd/src/types/joint-account.types.ts": 1775323882.8724253,
  "FrontEnd/src/types/recurring-expense.types.ts": 1772464633.3942046,
  "FrontEnd/src/schemas/user.schemas.ts": 1775323882.8724253,
  "FrontEnd/src/schemas/household.schemas.ts": 1772463793.103695,
  "FrontEnd/src/schemas/auth.schemas.ts": 1772463793.1032052,
  "FrontEnd/src/schemas/onboarding.schemas.ts": 1775323882.8724253,
  "FrontEnd/src/components/ProtectedRoute.tsx": 1775323882.8657436,
  "FrontEnd/src/components/PWAUpdatePrompt.tsx": 1775838476.3195062,
  "FrontEnd/src/components/ThemeProvider.tsx": 1772463793.1016955,
  "FrontEnd/src/components/onboarding/SurveyProgress.tsx": 1772463793.1018927,
  "FrontEnd/src/components/onboarding/OnboardingSurvey.tsx": 1772463793.1016955,
  "FrontEnd/src/components/onboarding/SurveyNavigation.tsx": 1772463793.1018927,
  "FrontEnd/src/components/onboarding/steps/StepLivingArrangement.tsx": 1772463793.1020792,
  "FrontEnd/src/components/onboarding/steps/StepTaskPreferences.tsx": 1775323882.8677435,
  "FrontEnd/src/components/onboarding/steps/StepFinancialPreferences.tsx": 1772464633.3940105,
  "FrontEnd/src/components/onboarding/steps/StepReview.tsx": 1772464633.3940105,
  "FrontEnd/src/components/onboarding/steps/StepHouseholdStructure.tsx": 1772463793.1020792,
  "FrontEnd/src/components/dashboard/shared/JointAccountConfigDialog.tsx": 1775323882.8667436,
  "FrontEnd/src/components/dashboard/shared/AddContributionDialog.tsx": 1775323882.8657436,
  "FrontEnd/src/components/dashboard/shared/AddGoalForm.tsx": 1775323882.8667436,
  "FrontEnd/src/components/dashboard/shared/IncomeEntryCard.tsx": 1775323882.8667436,
  "FrontEnd/src/components/dashboard/shared/AddTaskForm.tsx": 1775323882.8667436,
  "FrontEnd/src/components/dashboard/shared/AddExpenseForm.tsx": 1775323882.8667436,
  "FrontEnd/src/components/dashboard/shared/AddRecurringTaskForm.tsx": 1775323882.8667436,
  "FrontEnd/src/components/dashboard/shared/AddTransactionForm.tsx": 1775323882.8667436,
  "FrontEnd/src/components/dashboard/shared/SetRotationDialog.tsx": 1775323882.8677435,
  "FrontEnd/src/components/dashboard/shared/EmptyState.tsx": 1775323882.8667436,
  "FrontEnd/src/components/layout/Navbar.tsx": 1775323882.8677435,
  "FrontEnd/src/components/layout/AppLayout.tsx": 1775834901.2987232,
  "FrontEnd/src/components/ui/select.tsx": 1775323882.8677435,
  "FrontEnd/src/components/ui/button.tsx": 1772463793.102432,
  "FrontEnd/src/components/ui/checkbox.tsx": 1772463793.102432,
  "FrontEnd/src/components/ui/alert.tsx": 1772463793.1020792,
  "FrontEnd/src/components/ui/button-variants.ts": 1772463793.102432,
  "FrontEnd/src/components/ui/card.tsx": 1772463793.102432,
  "FrontEnd/src/components/ui/switch.tsx": 1772463793.102432,
  "FrontEnd/src/components/ui/sheet.tsx": 1772463793.102432,
  "FrontEnd/src/components/ui/separator.tsx": 1775323882.8687437,
  "FrontEnd/src/components/ui/input.tsx": 1772463793.102432,
  "FrontEnd/src/components/ui/badge.tsx": 1775323882.8677435,
  "FrontEnd/src/components/ui/label.tsx": 1772463793.102432,
  "FrontEnd/src/hooks/useTheme.ts": 1772463793.1029708,
  "FrontEnd/src/hooks/useOnboarding.ts": 1772463793.1029708,
  "FrontEnd/src/hooks/useAuth.ts": 1772463793.1027415,
  "FrontEnd/src/hooks/queries/useJointAccountQueries.ts": 1775323882.8697436,
  "FrontEnd/src/hooks/queries/index.ts": 1775834901.2997231,
  "FrontEnd/src/hooks/queries/useRecurringTaskQueries.ts": 1775323882.8697436,
  "FrontEnd/src/hooks/queries/useHouseholdQueries.ts": 1775834901.2997231,
  "FrontEnd/src/hooks/queries/useExpenseQueries.ts": 1775323882.8697436,
  "FrontEnd/src/hooks/queries/useGoalQueries.ts": 1775323882.8697436,
  "FrontEnd/src/hooks/queries/useRecurringExpenseQueries.ts": 1775323882.8697436,
  "FrontEnd/src/hooks/queries/useTaskQueries.ts": 1775323882.8697436,
  "FrontEnd/src/contexts/DashboardContext.tsx": 1775323882.8687437,
  "FrontEnd/src/contexts/auth.context.ts": 1772463793.1027415,
  "FrontEnd/src/contexts/AuthContext.tsx": 1775323882.8687437,
  "FrontEnd/src/contexts/FormField.tsx": 1772463793.1027415,
  "FrontEnd/src/contexts/OnboardingContext.tsx": 1775323882.8687437,
  "FrontEnd/src/contexts/onboarding.context.ts": 1772463793.1027415,
  "BackEnd/src/index.ts": 1775834901.2967231,
  "BackEnd/src/services/goal.service.ts": 1775323882.8597436,
  "BackEnd/src/services/household.service.ts": 1775834901.2967231,
  "BackEnd/src/services/task.service.ts": 1775836779.1386344,
  "BackEnd/src/services/recurring-task.service.ts": 1775323882.8607438,
  "BackEnd/src/services/expense.service.ts": 1775836284.0613856,
  "BackEnd/src/services/recurring-expense.service.ts": 1775323882.8607438,
  "BackEnd/src/services/user.service.ts": 1775323882.8607438,
  "BackEnd/src/services/auth.service.ts": 1775323882.8587437,
  "BackEnd/src/services/joint-account.service.ts": 1775323882.8607438,
  "BackEnd/src/models/household.model.ts": 1775323882.8567438,
  "BackEnd/src/models/goal.model.ts": 1775323882.8557436,
  "BackEnd/src/models/user.model.ts": 1772463793.1001313,
  "BackEnd/src/models/joint-account-transaction.model.ts": 1775323882.8567438,
  "BackEnd/src/models/recurring-task.model.ts": 1775323882.8567438,
  "BackEnd/src/models/recurring-expense.model.ts": 1772464633.3902047,
  "BackEnd/src/models/task.model.ts": 1775323882.8567438,
  "BackEnd/src/models/expense.model.ts": 1775323882.8557436,
  "BackEnd/src/routes/expense.routes.ts": 1775323882.8567438,